<?xml version="1.0" encoding="UTF-8"?>
<window type="dialog">
   <coordinates>
      <!-- Resolution 1920 x 1080 -->
      <left>0</left>
      <top>0</top>
   </coordinates>
   <defaultcontrol always="true">3</defaultcontrol>
   <depth>DepthDialog+</depth>
   <topic name="window_header" rank="1">
      <topic_type>heading</topic_type>
      <heading_labeled_by>1</heading_labeled_by>
      <hint_text></hint_text>
      <alt_type>DIALOG</alt_type>
      <inner_topic/>
      <topic_right/>
      <topic_down/>
   </topic>

   <controls>
      <control type="group" id="50">
      <description>Entire window</description>
      <left>0</left>
      <top>0</top>
      <width>1920</width>
      <height>1080</height>
      <visible>true</visible>
      <control type="group">
         <description>Group for window inset</description>
         <left>0</left>
         <top>0</top>
         <width>1920</width>
         <height>1080</height>
         <control type="image">
            <description>background image</description>
            <left>0</left>
            <top>0</top>
            <width>1920</width>
            <height>1080</height>
            <texture border="40">solid-black.png</texture>
            <visible>true</visible>
         </control>
         <control type="group" id="1001">
            <description>Group for Header</description>
            <topic name="header_group" rank="2">
               <hint_text></hint_text>
               <outer_topic>window_header</outer_topic>
               <topic_down>sub-header_group</topic_down>
            </topic>
            <left>40</left>
            <top>60</top>
            <width>1700</width>
            <height>100</height>
            <control type="image">
               <description>Dialog Header image</description>
               <left>0</left>
               <top>0</top>
               <width>1700</width>
               <height>100</height>
               <texture>dialogheader.png</texture>
            </control>
            <control type="label" id="1">
               <description>header label</description>
               <topic name="Header_Label" rank="3">
                  <label>1</label>
                  <heading_label>Control.GetLabel(1).index(0)</heading_label>
                  <hint_text></hint_text>
                  <outer_topic>window_header</outer_topic>
                  <topic_right>sub_header</topic_right>
                  <topic_down>choices</topic_down>
                  <label_for>window_header</label_for>
                  <heading_next>sub_header</heading_next>
               </topic>
               <left>0</left>
               <top>0</top>
               <width>1650</width>
               <height>100</height>
               <font>font13_title</font>
               <label/>
               <visible>true</visible>
               <aligny>center</aligny>
               <align>center</align>
               <textcolor>blue</textcolor>
               <shadowcolor>black</shadowcolor>
            </control>
         </control>
         <control type="group" id="1002">
            <description>Group for sub-Header</description>
            <topic name="sub-header_group" rank="2">
               <hint_text></hint_text>
               <outer_topic>header_group</outer_topic>
               <topic_down>choices</topic_down>
            </topic>
            <left>40</left>
            <top>160</top>
            <width>1650</width>
            <height>100</height>
            <!-- <control type="image">
               <description>Dialog Header image</description>
               <left>0</left>
               <top>0</top>
               <width>1650</width>
               <height>100</height>
               <texture>dialogheader.png</texture>
            </control> -->
               <control type="label" id="4">
                  <description>Sub Heading Label</description>
                  <topic name="sub_header" rank="3">
                     <heading_label>Control.GetLabel(4).index(0)</heading_label>
                     <hint_text/>
                     <outer_topic>Header_Label</outer_topic>
                     <topic_right>main_list_group</topic_right>
                     <topic_down>choices</topic_down>
                  </topic>
                  <top>0</top>
                  <left>0</left>
                  <width>1650</width>
                  <height>100</height>
                  <aligny>center</aligny>
                  <align>center</align>
                  <label/>
                  <font>font13_title</font>
                  <textcolor>blue</textcolor>
                  <shadowcolor>black</shadowcolor>
               </control>
            </control>  <!-- sub-header_group -->
            <control type="group">
               <description>Group Just for close window X icon</description>
               <left>1800</left>
               <top>5</top>
               <width>100></width>
               <control type="button">
                  <description>Close Window icon button</description>
                  <left>0</left>
                  <top>40</top>
                  <width>64</width>
                  <height>40</height>
                  <label/>
                  <font/>
                  <onclick>PreviousMenu</onclick>
                  <texturefocus>DialogCloseButton-focus.png</texturefocus>
                  <texturenofocus>DialogCloseButton.png</texturenofocus>
                  <visible>system.getbool(input.enablemouse)</visible>
               </control>
            </control> <!-- X close window -->

            <control type="group" id="1000">
               <description>Wraps main list</description>
               <topic name="main_list_group" rank="2">
                  <hint_text></hint_text>
                  <outer_topic>window_header</outer_topic>
                  <outer_topic>header_group</outer_topic>
               </topic>
               <left>50</left>
               <top>260</top>
               <width>1800</width>
               <height>660</height>
               <visible>true</visible>
               <!-- List Control -->
               <control type="group" id="1003">
                  <left>20</left>
                  <top>0</top>
                  <width>1800</width>
                  <height>660</height>
                  <visible>true</visible>
                  <control type="list" id="1103">
                     <description>My first list container</description>
                     <topic name="choices" rank="3">
                        <topic_type>heading</topic_type>
                        <heading_label> </heading_label>
                        <label/>
                        <alt_type/>
                        <hint_text></hint_text>
                        <outer_topic>main_list_group</outer_topic>
                        <inner_topic/>
                     </topic>
                     <left>0</left>
                     <top>0</top>
                     <width>1780</width>
                     <height>660</height>
                     <visible>true</visible>
                     <onup>3</onup>  <!-- help button -->
                     <ondown>3</ondown>
                     <onleft>3></onleft>
                     <onright>3</onright>
                     <viewtype>list</viewtype>
                     <orientation>vertical</orientation>
                     <!-- <pagecontrol>200</pagecontrol> -->
                     <autoscroll>false</autoscroll>
                     <!-- <scrolltime tween="sine" easing="out">200</scrolltime> -->
                     <itemlayout width="1780" height="90">
                        <control type="image">
                           <width>1750</width>
                           <height>80</height>
                           <top>0</top>>
                           <left>0</left>
                           <aligny>center</aligny>
                           <!-- <visible>Control.HasFocus(3)</visible> -->
                           <visible>true</visible>
                           <texture>button-nofocus.png</texture>
                        </control>
                        <control type="label">
                           <left>50</left>
                           <top>0</top>
                           <width>1680</width>
                           <height>80</height>
                           <font>font24</font>
                           <aligny>center</aligny>
                           <label>$INFO[ListItem.Label]</label>
                           <!-- <visible>Control.HasFocus(3)</visible> -->
                           <visible>true</visible>
                           <textcolor>grey</textcolor>
                           <focusedcolor>white</focusedcolor>
                           <shadowcolor>black</shadowcolor>
                        </control>

                     </itemlayout>
                     <focusedlayout height="90" width="1780">
                        <control type="image">
                           <width>1750</width>
                           <height>80</height>
                           <left>0</left>
                           <top>0</top>
                           <!-- <visible>Control.HasFocus(3)</visible> -->
                           <visible>true</visible>
                           <texture>button-focus.png</texture>
                        </control>
                        <control type="label">
                           <left>50</left>
                           <top>0</top>
                           <width>1680</width>
                           <height>80</height>
                           <font>font30_title</font>
                           <aligny>center</aligny>
                           <label>$INFO[ListItem.Label]</label>
                           <!-- <visible>Control.HasFocus(3)</visible> -->
                           <visible>true</visible>
                           <textcolor>white</textcolor>
                           <focusedcolor>white</focusedcolor>
                           <shadowcolor>black</shadowcolor>
                           <visible>true</visible>
                        </control>
                     </focusedlayout>
                  </control>  <!-- List Control 3 -->
               </control> <!-- End group 1003  Selection List-->
            </control>
         </control>
      </control>
   </controls>
</window>
