<?xml version="1.0" encoding="UTF-8"?>
<window type="dialog" tts="TTS-READER" heading="window_header">
   <!-- Resolution 1920 x 1080 -->
   <defaultcontrol always="true">201</defaultcontrol>
   <!-- <include>dialogeffect</include> -->
   <depth>DepthDialog+</depth>
   <topic name="window_header" rank="1">
      <topic_type>heading</topic_type>
      <heading_labeled_by>1</heading_labeled_by>
      <heading_next></heading_next>
      <hint_text>Add message 33100</hint_text>
      <alt_type>DIALOG</alt_type>
      <inner_topic>header_group</inner_topic>
      <!-- <topic_left>ok_button</topic_left> -->
      <topic_right>header_group</topic_right>
      <topic_down>categories</topic_down>
      <!-- <topic_up>ok_button</topic_up> -->
      <read_next></read_next>
   </topic>
   <controls>
      <control type="group" id="1000">
         <description>Entire window</description>
         <left>0</left>
         <top>0</top>
         <width>1920</width>
         <height>1080</height>
         <visible></visible>
         <control type="group">
            <description>Group for window inset</description>
            <left>0</left>
            <top>0</top>
            <width>1920</width>
            <height>1080</height>
            <control type="image">
               <description>background image</description>
               <left>0</left>
               <top>0</top>
               <width>1920</width>
               <height>1080</height>
               <texture border="40">solid-black.png</texture>
               <visible>true</visible>
            </control>
            <control type="group" id="1001">
               <description>Group for Header and sub-Header</description>
               <topic name="header_group" rank="2">
                  <hint_text>Select to choose header_group</hint_text>
                  <outer_topic>window_header</outer_topic>
                  <!-- <topic_left>ok_button</topic_left> -->
                  <topic_right>Header_Label</topic_right>
                  <topic_down>categories</topic_down>
                  <!-- <topic_up>ok_button</topic_up>-->
               </topic>
               <left>380</left>
               <top>25</top>
               <width>1300</width>
               <height>150</height>
               <control type="image">
                  <description>Dialog Header image</description>
                  <left>0</left>
                  <top>0</top>
                  <width>1300</width>
                  <height>60</height>
                  <texture>dialogheader.png</texture>
               </control>
               <control type="label" id="1">
                  <description>header label</description>
                  <topic name="Header_Label" rank="3">
                     <label/>
                     <heading_label>Control.GetLabel(1).index(0)</heading_label>
                     <hint_text>blah blah</hint_text>
                     <outer_topic>header_group</outer_topic>
                     <!-- <topic_left>ok_button</topic_left> -->
                     <topic_right>sub_header</topic_right>
                     <topic_down>categories</topic_down>
                     <!-- <topic_up>ok_button</topic_up>  -->
                     <label_for>window_header</label_for>
                     <heading_next>sub_header</heading_next>
                  </topic>
                  <left>0</left>
                  <top>0</top>
                  <width>1300</width>
                  <height>60</height>
                  <font>font13_title</font>
                  <visible>true</visible>
                  <aligny>center</aligny>
                  <align>center</align>
                  <textcolor>blue</textcolor>
                  <shadowcolor>black</shadowcolor>
               </control>
                <control type="image">
                  <description>Dialog Header image</description>
                  <left>0</left>
                  <top>70</top>
                  <width>1300</width>
                  <height>60</height>
                  <texture>dialogheader.png</texture>
               </control>
               <control type="label" id="4">
                  <description>Sub Heading Label</description>
                  <topic name="sub_header" rank="3">
                     <heading_label>Control.GetLabel(4).index(0)</heading_label>
                     <hint_text/>
                     <outer_topic>header_group</outer_topic>
                     <!-- <topic_left>ok_button</topic_left> -->
                     <topic_right>main_list_group</topic_right>
                     <topic_down>categories</topic_down>
                     <!-- <topic_up>ok_button</topic_up>  -->
                  </topic>
                  <top>70</top>
                  <left>0</left>
                  <width>1300</width>
                  <height>60</height>
                  <align>center</align>
                  <aligny>center</aligny>
                  <label/>
                  <font>font13_title</font>
                  <textcolor>blue</textcolor>
                  <shadowcolor>black</shadowcolor>
               </control>
            </control>  <!-- Window Heading -->
            <control type="group">
               <description>Group Just for close window X icon</description>
               <left>1800</left>
               <top>5</top>
               <width>100></width>
               <control type="button">
                  <description>Close Window icon button</description>
                  <left>0</left>
                  <top>40</top>
                  <width>64</width>
                  <height>40</height>
                  <label/>
                  <font/>
                  <onclick>PreviousMenu</onclick>
                  <texturefocus>DialogCloseButton-focus.png</texturefocus>
                  <texturenofocus>DialogCloseButton.png</texturenofocus>
                  <visible>system.getbool(input.enablemouse)</visible>
               </control>
            </control> <!-- X close window -->

            <control type="group" id="1002">
               <description>Wraps main list</description>
               <topic name="main_list_group" rank="2">
                  <hint_text>Select to choose main list</hint_text>
                  <outer_topic>window_header</outer_topic>
                  <outer_topic>header_group</outer_topic>
                  <!-- <topic_left>ok_button</topic_left> -->
                  <topic_right>categories</topic_right>
                  <topic_down>categories</topic_down>
                  <!-- <topic_up>ok_button</topic_up> -->
               </topic>
               <left>50</left>
               <top>160</top>
               <width>1800</width>
               <height>350</height>
               <visible>true</visible>
               <!-- List Control -->
               <control type="group" id="1003">
                  <left>20</left>
                  <top>0</top>
                  <width>1800</width>
                  <height>350</height>
                  <visible>true</visible>
                  <control type="list" id="201">
                     <description>My first list container</description>
                     <topic name="categories" rank="3">
                        <topic_type>heading</topic_type>
                        <!-- <heading_label>32856</heading_label> -->
                        <alt_type/>
                        <flows_to>help_text</flows_to>
                        <hint_text>32857</hint_text>
                        <outer_topic>main_list_group</outer_topic>
                        <inner_topic/>
                        <!-- <topic_left>ok_button</topic_left> -->
                        <topic_right>category_summary</topic_right>
                        <topic_down>category_summary</topic_down>
                        <!-- <topic_up>ok_button</topic_up> -->
                     </topic>
                     <left>0</left>
                     <top>0</top>
                     <width>1800</width>
                     <height>350</height>
                     <visible>true</visible>
                     <onup>201</onup>  <!-- help button -->
                     <ondown>201</ondown>
                     <onleft>101></onleft>
                     <onright>101</onright>
                     <viewtype>list</viewtype>
                     <orientation>vertical</orientation>
                     <!-- <pagecontrol>200</pagecontrol> -->
                     <autoscroll>false</autoscroll>
                     <!-- <scrolltime tween="sine" easing="out">200</scrolltime> -->
                     <itemlayout width="1800" height="100">
                        <control type="image">
                           <width>1750</width>
                           <height>80</height>
                           <top>0</top>>
                           <left>0</left>
                           <aligny>center</aligny>
                           <!-- <visible>Control.HasFocus(201)</visible> -->
                           <visible>true</visible>
                           <texture>button-nofocus.png</texture>
                        </control>
                        <control type="label">
                           <left>50</left>
                           <top>0</top>
                           <width>1750</width>
                           <height>80</height>
                           <font>font24</font>
                           <aligny>center</aligny>
                           <label>$INFO[ListItem.Label]</label>
                           <!-- <visible>Control.HasFocus(201)</visible> -->
                           <visible>true</visible>
                           <textcolor>yellow</textcolor>
                           <focusedcolor>yellow</focusedcolor>
                           <shadowcolor>black</shadowcolor>
                        </control>

                     </itemlayout>
                     <focusedlayout height="100" width="1800">
                        <control type="image">
                           <width>1750</width>
                           <height>80</height>
                           <left>0</left>
                           <top>0</top>
                           <!-- <visible>Control.HasFocus(201)</visible> -->
                           <visible>true</visible>
                           <texture>button-focus.png</texture>
                        </control>
                        <control type="label">
                           <left>50</left>
                           <top>0</top>
                           <width>1750</width>
                           <height>80</height>
                           <font>font24</font>
                           <aligny>center</aligny>
                           <label>$INFO[ListItem.Label]</label>
                           <!-- <visible>Control.HasFocus(201)</visible> -->
                           <visible>true</visible>
                           <textcolor>yellow</textcolor>
                           <focusedcolor>yellow</focusedcolor>
                           <shadowcolor>black</shadowcolor>
                           <visible>true</visible>
                        </control>
                     </focusedlayout>
                  </control>  <!-- List Control -->
               </control> <!-- End group 1002  Selection List-->
            </control>
            <control type="group">
               <description>Contains the help text</description>
               <left>40</left>
               <top>600</top>
               <width>1900</width>
               <control type="group" id="1004">
                  <topic name="help_group" rank="2">
                     <alt_type>NONE</alt_type>
                     <labeled_by>$PROP[help_title]</labeled_by>
                     <hint_text>Select to choose help_group</hint_text>
                     <outer_topic>window_header</outer_topic>
                     <!-- <topic_left>categories</topic_left> -->
                     <topic_right>help_text</topic_right>
                     <topic_down>help_text</topic_down>
                     <!-- <topic_up>categories</topic_up> -->
                  </topic>
                  <left>0</left>
                  <top>0</top>
                  <width>1800</width>
                  <height>400</height>
                  <control type="label" id="100">
                     <description>Help Content</description>
                     <topic name="help_text" rank="3">
                        <alt_type>NONE</alt_type>
                        <flows_from>categories</flows_from>
                        <hint_text>sample hint text</hint_text>
                        <!-- <topic_left>categories</topic_left> -->
                        <topic_right>ok</topic_right>
                        <topic_down>ok_button</topic_down>
                        <!-- <topic_up>categories</topic_up> -->
                        <outer_topic>help_group</outer_topic>
                        <inner_topic/>
                     </topic>
                     <top>0</top>
                     <left>0</left>
                     <scroll>false></scroll>
                     <font>font14</font>
                     <wrapmultiline>true</wrapmultiline>
                     <width>1800</width>
                     <textwidth>1700</textwidth>
                     <height>400</height>
                     <alignx>left</alignx>
                     <aligny>top</aligny>
                     <label></label>
                     <textoffsetx>30</textoffsetx>
                     <textoffsety>30</textoffsety>
                     <shadowcolor>black</shadowcolor>
                     <textcolor>white</textcolor>
                     <disabledcolor>yellow</disabledcolor>
                     <onleft>201</onleft>
                     <onright>100</onright>
                     <onup>201</onup>
                     <ondown>1006</ondown>
                     <visible></visible>
                  </control>
               </control>
            </control>
            <control type="group" id="1005">
               <description>OK group</description>
               <topic name="ok_group" rank="2">
                  <hint_text>OK Cancel group</hint_text>
                  <outer_topic>window_header</outer_topic>
                  <!-- <topic_left>categories</topic_left> -->
                  <topic_right>ok_button</topic_right>
                  <topic_down>ok_button</topic_down>
                  <!-- <topic_up>categories</topic_up> -->
               </topic>
               <left>50</left>
               <top>950</top>
               <width>1820</width>
               <height>100</height>
               <alignx>center</alignx>
               <control type="button" id="101">
                  <description>OK button</description>
                  <topic name="ok_button" rank="3">
                     <hint_text>Cancel Button</hint_text>
                     <outer_topic>ok_group</outer_topic>
                     <!-- <topic_left>ok_button</topic_left> -->
                     <topic_right>heading</topic_right>
                     <topic_down>categories</topic_down>
                     <!-- <topic_up>help_text</topic_up> -->
                  </topic>
                  <left>760</left>
                  <width>300</width>
                  <height>100</height>
                  <alignx>center</alignx>
                  <aligny>center</aligny>
                  <ondown>201</ondown>
                  <onup>100</onup>
                  <onleft>201</onleft>
                  <onright>201</onright>
                  <label/>
                  <font>font12_title</font>
                  <textcolor>white</textcolor>
                  <focusedcolor>white</focusedcolor>
                  <!-- <hitrect x="0" y="10" w="150" h="50"/>
                  <hitrectcolor>blue</hitrectcolor> -->
                  <align>center</align>
               </control>
            </control> <!-- End OK-Cancel -->
         </control>
      </control>
   </controls>
</window>
