<!-- Provides default key / keyboard mapping for the addon
service.kodi.tts -->
<keymap>
   <global>
      <keyboard>
         <!-- Samples
          <d>Notification(Keypress, You pressed D!, 3)</d>
   <d mod="ctrl,alt">Notification(Keypress, You pressed ctrl-alt-D!, 3)</d>
   <d mod="shift">Notification(Keypress, You pressed shift-D!, 3)</d>
   <d mod="super">Notification(Keypress, You pressed super-D!, 3)</d>
   <d mod="longpress">Notification(Keypress, You kept pressing D!, 3)</d>
         <g mod="ctrl">Notification(Keypress ctrl-g, 10)</g>
   <f12 mod="alt">Notification(Keypress, you pressed alt-f12, 5)</f12>
   <f12 mod="alt,shift">Notification(Keypress, you pressed alt-shift-f12, 5)</f12>
   <f12 mod="longpress">Notification(Keypress, you pressed long f12, 5)</f12> -->
         <h mod="alt">NotifyAll(service.kodi.tts, VOICE_HINT)</h>
         <h mod="alt,longpress">NotifyAll(service.kodi.tts, VOICE_HINT_PAUSE)</h>

         <STOP>NotifyAll(service.kodi.tts,STOP)</STOP>
         <SETTINGS>Addon.OpenSettings(service.kodi.tts)</SETTINGS> <!-- Where is SETTINGS defined -->
         <f1 mod="ctrl">NotifyAll(service.kodi.tts,HELP_DIALOG)</f1>
         <f11>NotifyAll(service.kodi.tts,CYCLE_DEBUG)</f11>
         <f11 mod="ctrl">NotifyAll(service.kodi.tts,DUMP_THREADS)</f11>
         <f12>NotifyAll(service.kodi.tts,TOGGLE_ON_OFF)</f12>
         <f12 mod="shift">NotifyAll(service.kodi.tts,REPEAT)</f12>
         <!-- Settings.BACKEND_GUI == OPEN_SETTINGS dialog -->
         <f12 mod="ctrl">NotifyAll(service.kodi.tts,SETTINGS.BACKEND_GUI)</f12>
         <!-- Since qwerty (english) has "+" as a shift key, you have to specify
           mod="ctrl,shift" instead of just "ctrl". This means that other languages, keyboards
           may require different mod or key -->
         <plus mod="ctrl,shift">NotifyAll(service.kodi.tts,VOL_UP)</plus>
         <minus mod="ctrl">NotifyAll(service.kodi.tts,VOL_DOWN)</minus>
         <!-- At least on Linux, when you press "alt, shift, +"
             it gets interpreted as "Meta, +"
             BUT, when you press "shift, alt, +" it gets interpreted as "shift, meta, 160",
             which I don't think you can get to work here. Requires more study.-->
         <plus mod="meta,shift">NotifyAll(service.kodi.tts,SPEED_UP)</plus>
         <minus mod="alt">NotifyAll(service.kodi.tts,SLOW_DOWN)</minus>

         <!-- Buttons not defined:
         <REPEAT>NotifyAll(service.kodi.tts,REPEAT)</REPEAT>
         <EXTRA>NotifyAll(service.kodi.tts,EXTRA)</EXTRA>
         <ITEM_EXTRA>NotifyAll(service.kodi.tts,ITEM_EXTRA)</ITEM_EXTRA>
         <DISABLE>NotifyAll(service.kodi.tts,TOGGLE_ON_OFF)</DISABLE> -->
      </keyboard>
      <!--    You can program IR remotes to do actions
      <remote>
            <red>NotifyAll(service.kodi.tts,VOL_UP)</red>
            <green>NotifyAll(service.kodi.tts,VOL_DOWN)</green>
            <subtitle>NotifyAll(service.kodi.tts,TOGGLE_ON_OFF)</subtitle>
          </remote> -->
   </global>
</keymap>
