<?xml version="1.0" encoding="UTF-8"?>
<window type="dialog">
   <!-- Resolution 1920 x 1080 -->
   <defaultcontrol always="true">3</defaultcontrol>
   <!-- <include>dialogeffect</include> -->
   <depth>DepthDialog+</depth>
   <controls>
      <control type="group" id="50">
         <left>100</left>
         <top>55</top>
         <bottom>900</bottom>
         <visible>true</visible>
         <animation effect="slide" start="0,0" end="0,46" time="0"
                    condition="[Control.IsVisible(3) + !Integer.IsGreater(Container(3).NumItems,4)]">
            Conditional
         </animation>
         <animation effect="slide" start="0,0" end="0,46" time="0"
                    condition="[Control.IsVisible(3) + !Integer.IsGreater(Container(3).NumItems,6)]">
            Conditional
         </animation>
         <animation effect="slide" start="0,0" end="0,46" time="0"
                    condition="[Control.IsVisible(3) + !Integer.IsGreater(Container(3).NumItems,8)]">
            Conditional
         </animation>
         <control type="image">
            <description>background image</description>
            <left>0</left>
            <top>0</top>
            <width>1280</width>
            <height>1000</height>
            <texture border="40">solid-black.png</texture>
            <visible>[Control.IsVisible(3) + Integer.IsGreater(Container(3).NumItems,8)]
            </visible>
         </control>
         <control type="image">
            <description>background image</description>
            <left>0</left>
            <top>0</top>
            <width>1280</width>
            <height>458</height>
            <texture border="40">solid-black.png</texture>
            <visible>[Control.IsVisible(3) + !Integer.IsGreater(Container(3).NumItems,8)]
            </visible>
         </control>
         <control type="image">
            <description>background image</description>
            <left>0</left>
            <top>0</top>
            <width>1280</width>
            <height>366</height>
            <texture border="40">solid-black.png</texture>
            <visible>[Control.IsVisible(3) + Integer.IsGreater(Container(3).NumItems,4) +
               !Integer.IsGreater(Container(3).NumItems,6)]
            </visible>
         </control>
         <control type="image">
            <description>background image</description>
            <left>0</left>
            <top>0</top>
            <width>1280</width>
            <height>274</height>
            <texture border="40">solid-black.png</texture>
            <visible>[Control.IsVisible(3) + !Integer.IsGreater(Container(3).NumItems,4)]
            </visible>
         </control>
         <control type="image">
            <description>Dialog Header image</description>
            <left>20</left>
            <top>20</top>
            <width>800</width>
            <height>120</height>
            <texture>dialogheader.png</texture>
         </control>
         <control type="label" id="1">
            <description>header label</description>
            <left>20</left>
            <top>25</top>
            <width>800</width>
            <height>35</height>
            <font>font13_title</font>
            <align>center</align>
            <aligny>center</aligny>
            <textcolor>selected</textcolor>
            <shadowcolor>black</shadowcolor>
         </control>
         <control type="label" id="4">
            <description>Sub Heading Label</description>
            <left>20</left>
            <top>70</top>
            <height>35</height>
            <width>800</width>
            <align>center</align>
            <aligny>center</aligny>
            <font>font13_title</font>
            <textcolor>selected</textcolor>
            <shadowcolor>black</shadowcolor>
         </control>
         <control type="button">
            <description>Close Window icon button</description>
            <left>780</left>
            <top>40</top>
            <width>64</width>
            <height>40</height>
            <label/>
            <font/>
            <onclick>PreviousMenu</onclick>
            <texturefocus>DialogCloseButton-focus.png</texturefocus>
            <texturenofocus>DialogCloseButton.png</texturenofocus>
            <visible>system.getbool(input.enablemouse)</visible>
         </control>

         <!-- Group for every user choice. Excludes scrollbar -->
         <control type="group" id="1000">
            <visible></visible>
            <left>20</left>
            <top>105</top>
            <width>900</width>
            <height>750</height>
            <defaultcontrol>3</defaultcontrol>

            <control type="grouplist" id="3">
               <description>Main Single-select list</description>
               <left>20</left>
               <top>67</top>
               <width>900</width>
               <height>750</height>
               <itemgap>20</itemgap>
               <onup>3</onup>
               <ondown>3</ondown>
               <onleft>7</onleft>
               <onright>61</onright>
               <pagecontrol>61</pagecontrol>
               <!-- <scrolltime>200</scrolltime> -->
               <scrolltime>0</scrolltime>
               <defaultcontrol>101</defaultcontrol>
               <control type="button" id="101">
                  <description>Speech Engine</description>
                  <width>750</width>
                  <!-- <width>auto</width> -->
                  <wrapmultiline>false</wrapmultiline>
                  <textwidth>650</textwidth>
                  <height>25</height>
                  <label></label>
                  <visible></visible>
                  <alignx>left</alignx>
                  <aligny>center</aligny>
                  <font>font12_title</font>
                  <texturefocus border="5">button-focus2.png</texturefocus>

                  <textoffsetx>30</textoffsetx>
                  <texturenofocus border="5">button-nofocus.png</texturenofocus>
                  <shadowcolor>purple</shadowcolor>
                  <focusedcolor>green</focusedcolor>
                  <textcolor>red</textcolor>
                  <hitrect x="0" y="0" w="780" h="25"/>
                  <hitrectcolor>royalblue</hitrectcolor>
                  <disabledcolor>blue</disabledcolor>
                  <invalidcolor>red</invalidcolor>

               </control>

            </control>
            <defaultcontrol>3</defaultcontrol>
            <control type="scrollbar" id="61">
               <left>910</left>
               <top>105</top>
               <width>35</width>
               <height>750</height>
               <texturesliderbackground border="0,14,0,14">ScrollBarV.png</texturesliderbackground>
               <texturesliderbar border="0,14,0,14">ScrollBarV_bar.png</texturesliderbar>
               <texturesliderbarfocus border="0,14,0,14">ScrollBarV_bar_focus.png</texturesliderbarfocus>
               <textureslidernib>ScrollBarNib.png</textureslidernib>
               <textureslidernibfocus>ScrollBarNib.png</textureslidernibfocus>
               <onleft condition="Control.IsVisible(3)">3</onleft>
               <onright>90</onright>
               <ondown>61</ondown>
               <onup>61</onup>
               <showonepage>false</showonepage>
               <orientation>vertical</orientation>
               <visible>true</visible>
            </control>
         </control>  <!-- Group 1000 -->

         <control type="group">
            <control type="label" id="42">
               <description>number of files/pages in list text label</description>
               <left>950</left>
               <top>490</top>
               <width>240</width>
               <height>35</height>
               <font>font12</font>
               <align>center</align>
               <aligny>center</aligny>
               <textcolor>grey</textcolor>
               <label></label>
               <animation effect="slide" start="0,0" end="0,-92" time="0"
                          condition="[Control.IsVisible(3) + !Integer.IsGreater(Container(3).NumItems,4)]">
                  Conditional
               </animation>
               <animation effect="slide" start="0,0" end="0,-92" time="0"
                          condition="[Control.IsVisible(3) + !Integer.IsGreater(Container(3).NumItems,6)]">
                  Conditional
               </animation>
               <animation effect="slide" start="0,0" end="0,-92" time="0"
                          condition="[Control.IsVisible(3) + !Integer.IsGreater(Container(3).NumItems,8)]">
                  Conditional
               </animation>
            </control>
            <control type="grouplist" id="90">
               <left>880</left>
               <top>200</top>
               <onleft condition="Control.IsVisible(3)">3</onleft>
               <onleft condition="Control.IsVisible(6)">6</onleft>
               <onright condition="Control.IsVisible(3)">3</onright>
               <onright condition="Control.IsVisible(6)">6</onright>
               <control type="button" id="5">
                  <description>OK</description>
                  <width>200</width>
                  <height>60</height>
                  <label/>
                  <font>font12_title</font>
                  <textcolor>white</textcolor>
                  <focusedcolor>white</focusedcolor>
                  <hitrect x="0" y="10" w="200" h="45"/>
                  <hitrectcolor>yellow</hitrectcolor>
                  <align>center</align>
               </control>
               <control type="button" id="7">
                  <description>Cancel button</description>
                  <top>400</top>
                  <width>200</width>
                  <height>60</height>
                  <label/>
                  <font>font12_title</font>
                  <textcolor>white</textcolor>
                  <focusedcolor>white</focusedcolor>
                  <hitrect x="0" y="10" w="150" h="50"/>
                  <hitrectcolor>blue</hitrectcolor>
                  <align>center</align>
               </control>
            </control>
         </control>
      </control>
   </controls>
</window>
