<?xml version="1.0" encoding="UTF-8" standalone="yes"?>
<addon id="script.module.langcodes"
       name="Python langcodes and language_data"
       version="3.4.0~alpha"
       provider-name="Frank Feuerbacher (fbacher)">
  <debugging>true</debugging>
  <requires>
    <import addon="xbmc.python" version="3.0.1"/>
  </requires>
  <extension point="xbmc.python.module" library="resources/lib/" />
  <extension point="xbmc.addon.metadata">
    <summary lang="en_GB">Provides efficient cross-reference of language information</summary>
    <description lang="en">
      This addon is merly a repackaging of: langcodes, langcode_data and marisa-trie.
      Provides the packages langcodes, language_data and marisa-tree in one
      addon. langcodes 3.4.0 and language_data 1.2.0 Python packages.
      See LICENSE file in directory by the package name.
      Author of maria-trie: Susumu Yata (susumu.yata@gmail.com)
      Project at https://github.com/s-yata/marisa-trie
      Author of langcodes, language_data: Robyn Speer (rspeer@arborelia.net)
      Project at https://github.com/rspeer/langcodes
    </description>
    <forum></forum>
      <source>https://github.com/fbacher/script.module.langcodes</source>
    <platform>all</platform>
    <license> MIT License (langcodes and marisa_trie)</license>
  </extension>
</addon>
