<?xml version="1.0" encoding="UTF-8" standalone="yes"?>
<addon id="repo.fbacher" name="fbacher Repository" version="1.0.0"
       provider-name="fbacher">
     <requires>
        <import addon="xbmc.addon" version="12.0.0"/>
    </requires>
   <extension point="xbmc.addon.repository" name="fbacher Repository">
      <dir>
         <info compressed="false">
            http://smeagol/repository.fbacher/repo/zips/addons.xml
         </info>
         <checksum>
            http://smeagol/repository.fbacher/repo/zips/addons.xml.md5
         </checksum>
         <datadir zip="true">
            http://smeagol/repository.fbacher/repo/zips/
         </datadir>
         <hashes>false</hashes>
      </dir>
      <!-- <dir>
         <info compressed="false">
            http://raw.githubusercontent.com/fbacher/repository.fbacher/master/repo/zips/addons.xml
         </info>

         <checksum>
            http://raw.githubusercontent.com/fbacher/repository.fbacher/master/repo/zips/addons.xml.md5
         </checksum>
         <!- - <info>
            http://smeagol/repository.fbacher/repo/zips/addons.xml.gz
         </info> - ->
         <hashes>false</hashes>
         <datadir zip="true">
            http://raw.githubusercontent.com/fbacher/repository.fbacher/master/repo/zips/
         </datadir>
      </dir> -->
   </extension>
   <extension point="xbmc.addon.metadata">
      <summary>fbacher Repository</summary>
      <description>Repo for Kodi addon projects and needed dependencies</description>
      <disclaimer></disclaimer>
      <platform>all</platform>
      <assets>
         <icon>icon.png</icon>
         <!-- <fanart>fanart.jpg</fanart> -->
      </assets>
   </extension>
</addon>
